EmpID,EmployeeEmail,EmploymentStatus,ExitDate,Account_id,AccountEmail,AccountCreatedAt,AccountUpdatedAt,Role
EMP000292,abhinav.yadav.292@company.com,Exited,2023-02-09,6a85866246e7ff0726d4bdcd,abhinav.yadav.292@company.com,2026-08-19T10:30:16.743253+00:00,2026-08-19T10:30:16.743253+00:00,EMPLOYEE
EMP000042,sahana.yadav.42@company.com,Exited,2026-01-23,6a85866246e7ff0726d4bdd3,sahana.yadav.42@company.com,2026-08-19T10:30:18.745403+00:00,2026-08-19T10:30:18.745403+00:00,EMPLOYEE
EMP000096,gaurav.pillai.96@company.com,Exited,2026-05-05,6a85866246e7ff0726d4bddc,gaurav.pillai.96@company.com,2026-08-19T10:30:21.304929+00:00,2026-08-19T10:30:21.304929+00:00,EMPLOYEE
EMP000118,rakesh.chopra.118@company.com,Exited,2025-03-28,6a85866246e7ff0726d4bde0,rakesh.chopra.118@company.com,2026-08-19T10:30:22.519517+00:00,2026-08-19T10:30:22.519517+00:00,EMPLOYEE
EMP000190,neha.naidu.190@company.com,Exited,2025-03-02,6a85866246e7ff0726d4bde5,neha.naidu.190@company.com,2026-08-19T10:30:24.009283+00:00,2026-08-19T10:30:24.009283+00:00,EMPLOYEE
EMP000255,harish.jain.255@company.com,Exited,2024-08-14,6a85866246e7ff0726d4bdea,harish.jain.255@company.com,2026-08-19T10:30:25.742658+00:00,2026-08-19T10:30:25.742658+00:00,EMPLOYEE
EMP000294,anirudh.verma.294@company.com,Exited,2024-11-27,6a85866246e7ff0726d4bdeb,anirudh.verma.294@company.com,2026-08-19T10:30:26.023153+00:00,2026-08-19T10:30:26.023153+00:00,EMPLOYEE
EMP000125,sneha.mishra.125@company.com,Exited,2025-01-20,6a85866246e7ff0726d4bdef,sneha.mishra.125@company.com,2026-08-19T10:30:27.248711+00:00,2026-08-19T10:30:27.248711+00:00,EMPLOYEE
EMP000235,vasudha.tripathi.235@company.com,Exited,2018-12-28,6a85866246e7ff0726d4bdf7,vasudha.tripathi.235@company.com,2026-08-19T10:30:29.796598+00:00,2026-08-19T10:30:29.796598+00:00,EMPLOYEE
EMP000355,rakesh.jain.355@company.com,Exited,2026-05-20,6a85866246e7ff0726d4bdff,rakesh.jain.355@company.com,2026-08-19T10:30:32.959367+00:00,2026-08-19T10:30:32.959367+00:00,EMPLOYEE
EMP000003,aditya.shah.3@company.com,Exited,2024-02-13,6a85866246e7ff0726d4be01,aditya.shah.3@company.com,2026-08-19T10:30:33.802455+00:00,2026-08-19T10:30:33.802455+00:00,EMPLOYEE
EMP000037,rahul.iyer.37@company.com,Exited,2023-05-06,6a85866246e7ff0726d4be03,rahul.iyer.37@company.com,2026-08-19T10:30:34.400780+00:00,2026-08-19T10:30:34.400780+00:00,EMPLOYEE
EMP000107,meera.thomas.107@company.com,Exited,2026-01-13,6a85866246e7ff0726d4be07,meera.thomas.107@company.com,2026-08-19T10:30:35.520824+00:00,2026-08-19T10:30:35.520824+00:00,EMPLOYEE
EMP000122,sanjay.joseph.122@company.com,Exited,2024-04-08,6a85866246e7ff0726d4be09,sanjay.joseph.122@company.com,2026-08-19T10:30:36.108899+00:00,2026-08-19T10:30:36.108899+00:00,EMPLOYEE
EMP000131,vivek.gupta.131@company.com,Exited,2025-08-12,6a85866246e7ff0726d4be0a,vivek.gupta.131@company.com,2026-08-19T10:30:36.377005+00:00,2026-08-19T10:30:36.377005+00:00,EMPLOYEE
EMP000248,bhavana.agarwal.248@company.com,Exited,2025-03-02,6a85866246e7ff0726d4be0f,bhavana.agarwal.248@company.com,2026-08-19T10:30:37.693436+00:00,2026-08-19T10:30:37.693436+00:00,EMPLOYEE
EMP000341,krishna.banerjee.341@company.com,Exited,2023-10-25,6a85866246e7ff0726d4be14,krishna.banerjee.341@company.com,2026-08-19T10:30:39.181131+00:00,2026-08-19T10:30:39.181131+00:00,EMPLOYEE
EMP000344,meera.verma.344@company.com,Exited,2024-10-24,6a85866246e7ff0726d4be15,meera.verma.344@company.com,2026-08-19T10:30:39.627501+00:00,2026-08-19T10:30:39.627501+00:00,EMPLOYEE
EMP000136,anirudh.george.136@company.com,Exited,2022-02-15,6a85866246e7ff0726d4be24,anirudh.george.136@company.com,2026-08-19T10:30:44.273903+00:00,2026-08-19T10:30:44.273903+00:00,EMPLOYEE
EMP000220,manasa.sinha.220@company.com,Exited,2026-05-08,6a85866246e7ff0726d4be27,manasa.sinha.220@company.com,2026-08-19T10:30:45.528298+00:00,2026-08-19T10:30:45.528298+00:00,EMPLOYEE
EMP000346,nandini.pillai.346@company.com,Exited,2025-09-05,6a85866246e7ff0726d4be30,nandini.pillai.346@company.com,2026-08-19T10:30:48.533586+00:00,2026-08-19T10:30:48.533586+00:00,EMPLOYEE
EMP000169,bhavana.desai.169@company.com,Exited,2022-05-27,6a85866246e7ff0726d4be3f,bhavana.desai.169@company.com,2026-08-19T10:30:53.468121+00:00,2026-08-19T10:30:53.468121+00:00,EMPLOYEE
EMP000345,mohan.mehta.345@company.com,Exited,2019-09-30,6a85866246e7ff0726d4be48,mohan.mehta.345@company.com,2026-08-19T10:30:56.148073+00:00,2026-08-19T10:30:56.148073+00:00,EMPLOYEE
EMP000320,akash.sinha.320@company.com,Exited,2018-06-18,6a85866246e7ff0726d4be5b,akash.sinha.320@company.com,2026-08-19T10:31:06.854106+00:00,2026-08-19T10:31:06.854106+00:00,EMPLOYEE
EMP000126,srinivas.varma.126@company.com,Exited,2026-03-01,6a85866246e7ff0726d4be62,srinivas.varma.126@company.com,2026-08-19T10:31:09.020483+00:00,2026-08-19T10:31:09.020483+00:00,EMPLOYEE
EMP000154,surya.bhat.154@company.com,Exited,2024-02-07,6a85866246e7ff0726d4be64,surya.bhat.154@company.com,2026-08-19T10:31:09.611595+00:00,2026-08-19T10:31:09.611595+00:00,EMPLOYEE
EMP000222,nithin.joseph.222@company.com,Exited,2025-08-18,6a85866246e7ff0726d4be68,nithin.joseph.222@company.com,2026-08-19T10:31:10.960411+00:00,2026-08-19T10:31:10.960411+00:00,EMPLOYEE
EMP000326,ashwin.varma.326@company.com,Exited,2022-11-17,6a85866246e7ff0726d4be6e,ashwin.varma.326@company.com,2026-08-19T10:31:13.750605+00:00,2026-08-19T10:31:13.750605+00:00,EMPLOYEE
EMP000343,manish.dsouza.343@company.com,Exited,2025-02-06,6a85866246e7ff0726d4be70,manish.dsouza.343@company.com,2026-08-19T10:31:14.620697+00:00,2026-08-19T10:31:14.620697+00:00,EMPLOYEE
EMP000026,lakshmi.varma.26@company.com,Exited,2024-09-21,6a85866246e7ff0726d4be73,lakshmi.varma.26@company.com,2026-08-19T10:31:15.801688+00:00,2026-08-19T10:31:15.801688+00:00,EMPLOYEE
EMP000135,anjali.tripathi.135@company.com,Exited,2022-12-21,6a85866246e7ff0726d4be8a,anjali.tripathi.135@company.com,2026-08-19T10:31:24.754498+00:00,2026-08-19T10:31:24.754498+00:00,EMPLOYEE
EMP000322,amara.joseph.322@company.com,Exited,2020-03-01,6a85866246e7ff0726d4be97,amara.joseph.322@company.com,2026-08-19T10:31:28.707596+00:00,2026-08-19T10:31:28.707596+00:00,EMPLOYEE
EMP000354,raj.bhat.354@company.com,Exited,2025-01-31,6a85866246e7ff0726d4be98,raj.bhat.354@company.com,2026-08-19T10:31:29.020946+00:00,2026-08-19T10:31:29.020946+00:00,EMPLOYEE
EMP000027,manish.chatterjee.27@company.com,Exited,2025-09-06,6a85866246e7ff0726d4be9b,manish.chatterjee.27@company.com,2026-08-19T10:31:30.335044+00:00,2026-08-19T10:31:30.335044+00:00,EMPLOYEE
EMP000211,yash.malhotra.211@company.com,Exited,2024-12-12,6a85866246e7ff0726d4becc,yash.malhotra.211@company.com,2026-08-19T10:31:47.236795+00:00,2026-08-19T10:31:47.236795+00:00,EMPLOYEE
EMP000067,reshma.kumar.67@company.com,Exited,2026-06-30,6a85866246e7ff0726d4bede,reshma.kumar.67@company.com,2026-08-19T10:31:52.622176+00:00,2026-08-19T10:31:52.622176+00:00,EMPLOYEE
EMP000083,akash.krishnan.83@company.com,Exited,2026-03-29,6a85866246e7ff0726d4bedf,akash.krishnan.83@company.com,2026-08-19T10:31:53.055870+00:00,2026-08-19T10:31:53.055870+00:00,EMPLOYEE
EMP000246,arnav.pillai.246@company.com,Exited,2026-04-11,6a85866246e7ff0726d4bee7,arnav.pillai.246@company.com,2026-08-19T10:31:56.437168+00:00,2026-08-19T10:31:56.437168+00:00,EMPLOYEE
EMP000324,arjun.singh.324@company.com,Exited,2026-01-02,6a85866246e7ff0726d4beec,arjun.singh.324@company.com,2026-08-19T10:31:58.000553+00:00,2026-08-19T10:31:58.000553+00:00,EMPLOYEE
EMP000331,diya.gupta.331@company.com,Exited,2024-12-22,6a85866246e7ff0726d4beed,diya.gupta.331@company.com,2026-08-19T10:31:58.264579+00:00,2026-08-19T10:31:58.264579+00:00,EMPLOYEE
EMP000009,arnav.rao.9@company.com,Exited,2026-07-04,6a85866246e7ff0726d4bf08,arnav.rao.9@company.com,2026-08-19T10:32:05.792354+00:00,2026-08-19T10:32:05.792354+00:00,EMPLOYEE
EMP000123,sanjana.menon.123@company.com,Exited,2021-10-22,6a85866246e7ff0726d4bf10,sanjana.menon.123@company.com,2026-08-19T10:32:08.676796+00:00,2026-08-19T10:32:08.676796+00:00,EMPLOYEE
EMP000192,pooja.yadav.192@company.com,Exited,2022-06-10,6a85866246e7ff0726d4bf14,pooja.yadav.192@company.com,2026-08-19T10:32:10.372257+00:00,2026-08-19T10:32:10.372257+00:00,EMPLOYEE
EMP000005,akshay.jain.5@company.com,Exited,2026-07-03,6a85866246e7ff0726d4bf1d,akshay.jain.5@company.com,2026-08-19T10:32:13.112566+00:00,2026-08-19T10:32:13.112566+00:00,EMPLOYEE
EMP000221,monica.gowda.221@company.com,Exited,2023-02-16,6a85866246e7ff0726d4bf28,monica.gowda.221@company.com,2026-08-19T10:32:19.026065+00:00,2026-08-19T10:32:19.026065+00:00,EMPLOYEE
EMP000237,vishal.iyer.237@company.com,Exited,2026-02-10,6a85866246e7ff0726d4bf29,vishal.iyer.237@company.com,2026-08-19T10:32:19.396626+00:00,2026-08-19T10:32:19.396626+00:00,EMPLOYEE
EMP000242,akshay.yadav.242@company.com,Exited,2023-05-28,6a85866246e7ff0726d4bf2b,akshay.yadav.242@company.com,2026-08-19T10:32:20.028990+00:00,2026-08-19T10:32:20.028990+00:00,EMPLOYEE
EMP000472,vasudha.joseph.472@company.com,Exited,2026-03-11,6a85866246e7ff0726d4bf3e,vasudha.joseph.472@company.com,2026-08-19T10:32:26.655889+00:00,2026-08-19T10:32:26.655889+00:00,EMPLOYEE
EMP000598,shreya.agarwal.598@company.com,Exited,2025-09-27,6a85866246e7ff0726d4bf48,shreya.agarwal.598@company.com,2026-08-19T10:32:29.625215+00:00,2026-08-19T10:32:29.625215+00:00,EMPLOYEE
EMP000613,keerthi.saxena.613@company.com,Exited,2022-05-08,6a85866246e7ff0726d4bf49,keerthi.saxena.613@company.com,2026-08-19T10:32:29.913317+00:00,2026-08-19T10:32:29.913317+00:00,EMPLOYEE
EMP000633,aarav.krishnan.633@company.com,Exited,2026-06-16,6a85866246e7ff0726d4bf4a,aarav.krishnan.633@company.com,2026-08-19T10:32:30.231340+00:00,2026-08-19T10:32:30.231340+00:00,EMPLOYEE
EMP000711,vishal.malhotra.711@company.com,Exited,2024-06-05,6a85866246e7ff0726d4bf5d,vishal.malhotra.711@company.com,2026-08-19T10:32:36.724751+00:00,2026-08-19T10:32:36.724751+00:00,EMPLOYEE
EMP000748,rahul.agarwal.748@company.com,Exited,2024-03-30,6a85866246e7ff0726d4bf5e,rahul.agarwal.748@company.com,2026-08-19T10:32:37.127124+00:00,2026-08-19T10:32:37.127124+00:00,EMPLOYEE
EMP000486,chetan.george.486@company.com,Exited,2026-03-15,6a85866246e7ff0726d4bf65,chetan.george.486@company.com,2026-08-19T10:32:39.954936+00:00,2026-08-19T10:32:39.954936+00:00,EMPLOYEE
EMP000544,sameer.verma.544@company.com,Exited,2026-01-03,6a85866246e7ff0726d4bf69,sameer.verma.544@company.com,2026-08-19T10:32:41.347258+00:00,2026-08-19T10:32:41.347258+00:00,EMPLOYEE
EMP000695,monica.mehta.695@company.com,Exited,2023-07-02,6a85866246e7ff0726d4bf79,monica.mehta.695@company.com,2026-08-19T10:32:46.513626+00:00,2026-08-19T10:32:46.513626+00:00,EMPLOYEE
EMP000471,vaishnavi.gowda.471@company.com,Exited,2025-09-26,6a85866246e7ff0726d4bf99,vaishnavi.gowda.471@company.com,2026-08-19T10:32:56.862507+00:00,2026-08-19T10:32:56.862507+00:00,EMPLOYEE
EMP000559,amara.rao.559@company.com,Exited,2024-12-29,6a85866246e7ff0726d4bf9f,amara.rao.559@company.com,2026-08-19T10:32:58.622470+00:00,2026-08-19T10:32:58.622470+00:00,EMPLOYEE
EMP000580,manish.nair.580@company.com,Exited,2025-10-25,6a85866246e7ff0726d4bfa1,manish.nair.580@company.com,2026-08-19T10:32:59.228028+00:00,2026-08-19T10:32:59.228028+00:00,EMPLOYEE
EMP000437,sahana.iyer.437@company.com,Exited,2026-02-08,6a85866246e7ff0726d4bfb1,sahana.iyer.437@company.com,2026-08-19T10:33:04.364171+00:00,2026-08-19T10:33:04.364171+00:00,EMPLOYEE
EMP000503,mohan.shah.503@company.com,Exited,2026-04-16,6a85866246e7ff0726d4bfb5,mohan.shah.503@company.com,2026-08-19T10:33:06.343234+00:00,2026-08-19T10:33:06.343234+00:00,EMPLOYEE
EMP000553,vishal.shah.553@company.com,Exited,2021-02-26,6a85871a46e7ff0726d4bfb9,vishal.shah.553@company.com,2026-08-19T10:33:09.941302+00:00,2026-08-19T10:33:09.941302+00:00,EMPLOYEE
EMP000614,madhav.prasad.614@company.com,Exited,2026-02-20,6a85871a46e7ff0726d4bfbc,madhav.prasad.614@company.com,2026-08-19T10:33:10.976078+00:00,2026-08-19T10:33:10.976078+00:00,EMPLOYEE
EMP000701,sakshi.sharma.701@company.com,Exited,2025-05-20,6a85871a46e7ff0726d4bfd9,sakshi.sharma.701@company.com,2026-08-19T10:33:21.180948+00:00,2026-08-19T10:33:21.180948+00:00,EMPLOYEE
EMP000592,rakesh.yadav.592@company.com,Exited,2023-10-28,6a85871a46e7ff0726d4bff1,rakesh.yadav.592@company.com,2026-08-19T10:33:28.152623+00:00,2026-08-19T10:33:28.152623+00:00,EMPLOYEE
EMP000422,manish.joseph.422@company.com,Exited,2026-06-22,6a85871a46e7ff0726d4bfff,manish.joseph.422@company.com,2026-08-19T10:33:34.895035+00:00,2026-08-19T10:33:34.895035+00:00,EMPLOYEE
EMP000398,aditya.agarwal.398@company.com,Exited,2025-11-29,6a85871a46e7ff0726d4c011,aditya.agarwal.398@company.com,2026-08-19T10:33:40.576496+00:00,2026-08-19T10:33:40.576496+00:00,EMPLOYEE
EMP000426,naveen.varma.426@company.com,Exited,2024-01-03,6a85871a46e7ff0726d4c013,naveen.varma.426@company.com,2026-08-19T10:33:41.172578+00:00,2026-08-19T10:33:41.172578+00:00,EMPLOYEE
EMP000522,swathi.joseph.522@company.com,Exited,2026-06-06,6a85871a46e7ff0726d4c015,swathi.joseph.522@company.com,2026-08-19T10:33:41.914328+00:00,2026-08-19T10:33:41.914328+00:00,EMPLOYEE
EMP000546,shyam.pillai.546@company.com,Exited,2022-10-22,6a85871a46e7ff0726d4c016,shyam.pillai.546@company.com,2026-08-19T10:33:42.283399+00:00,2026-08-19T10:33:42.283399+00:00,EMPLOYEE
EMP000554,aarav.bhat.554@company.com,Exited,2026-03-08,6a85871a46e7ff0726d4c019,aarav.bhat.554@company.com,2026-08-19T10:33:43.200748+00:00,2026-08-19T10:33:43.200748+00:00,EMPLOYEE
EMP000691,harini.banerjee.691@company.com,Exited,2025-01-22,6a85871a46e7ff0726d4c01f,harini.banerjee.691@company.com,2026-08-19T10:33:44.772278+00:00,2026-08-19T10:33:44.772278+00:00,EMPLOYEE
EMP000698,pradeep.agarwal.698@company.com,Exited,2026-01-28,6a85871a46e7ff0726d4c021,pradeep.agarwal.698@company.com,2026-08-19T10:33:45.361485+00:00,2026-08-19T10:33:45.361485+00:00,EMPLOYEE
EMP000729,harish.mathew.729@company.com,Exited,2025-12-28,6a85871a46e7ff0726d4c025,harish.mathew.729@company.com,2026-08-19T10:33:46.747246+00:00,2026-08-19T10:33:46.747246+00:00,EMPLOYEE
EMP000385,sakshi.tripathi.385@company.com,Exited,2025-06-23,6a85871a46e7ff0726d4c02b,sakshi.tripathi.385@company.com,2026-08-19T10:33:48.289627+00:00,2026-08-19T10:33:48.289627+00:00,EMPLOYEE
EMP000611,divya.malhotra.611@company.com,Exited,2024-06-04,6a85871a46e7ff0726d4c038,divya.malhotra.611@company.com,2026-08-19T10:33:52.273888+00:00,2026-08-19T10:33:52.273888+00:00,EMPLOYEE
EMP000399,akash.pandey.399@company.com,Exited,2024-10-02,6a85871a46e7ff0726d4c040,akash.pandey.399@company.com,2026-08-19T10:33:55.412031+00:00,2026-08-19T10:33:55.412031+00:00,EMPLOYEE
EMP000389,siddharth.bose.389@company.com,Exited,2025-11-30,6a85871a46e7ff0726d4c050,siddharth.bose.389@company.com,2026-08-19T10:34:02.263707+00:00,2026-08-19T10:34:02.263707+00:00,EMPLOYEE
EMP000488,dev.kapoor.488@company.com,Exited,2024-10-27,6a85871a46e7ff0726d4c055,dev.kapoor.488@company.com,2026-08-19T10:34:03.917552+00:00,2026-08-19T10:34:03.917552+00:00,EMPLOYEE
EMP000601,swathi.sharma.601@company.com,Exited,2019-07-20,6a85871a46e7ff0726d4c05c,swathi.sharma.601@company.com,2026-08-19T10:34:06.313343+00:00,2026-08-19T10:34:06.313343+00:00,EMPLOYEE
EMP000405,ashwin.jain.405@company.com,Exited,2025-06-03,6a85871a46e7ff0726d4c067,ashwin.jain.405@company.com,2026-08-19T10:34:09.817760+00:00,2026-08-19T10:34:09.817760+00:00,EMPLOYEE
EMP000519,shreya.desai.519@company.com,Exited,2023-01-29,6a85871a46e7ff0726d4c06f,shreya.desai.519@company.com,2026-08-19T10:34:12.557333+00:00,2026-08-19T10:34:12.557333+00:00,EMPLOYEE
EMP000534,keerthi.mukherjee.534@company.com,Exited,2026-06-11,6a85871a46e7ff0726d4c070,keerthi.mukherjee.534@company.com,2026-08-19T10:34:12.836159+00:00,2026-08-19T10:34:12.836159+00:00,EMPLOYEE
EMP000552,vidya.patel.552@company.com,Exited,2024-10-28,6a85871a46e7ff0726d4c071,vidya.patel.552@company.com,2026-08-19T10:34:13.148277+00:00,2026-08-19T10:34:13.148277+00:00,EMPLOYEE
EMP000704,shyam.bhat.704@company.com,Exited,2026-05-28,6a85871a46e7ff0726d4c07c,shyam.bhat.704@company.com,2026-08-19T10:34:16.488255+00:00,2026-08-19T10:34:16.488255+00:00,EMPLOYEE
EMP000433,raj.krishnan.433@company.com,Exited,2025-12-07,6a85871a46e7ff0726d4c081,raj.krishnan.433@company.com,2026-08-19T10:34:18.604772+00:00,2026-08-19T10:34:18.604772+00:00,EMPLOYEE
EMP000390,simran.naidu.390@company.com,Exited,2023-03-21,6a85871a46e7ff0726d4c091,simran.naidu.390@company.com,2026-08-19T10:34:23.491282+00:00,2026-08-19T10:34:23.491282+00:00,EMPLOYEE
EMP000690,divya.naidu.690@company.com,Exited,2026-01-20,6a85871a46e7ff0726d4c0a7,divya.naidu.690@company.com,2026-08-19T10:34:30.281498+00:00,2026-08-19T10:34:30.281498+00:00,EMPLOYEE
EMP000720,arnav.sinha.720@company.com,Exited,2024-04-04,6a85871a46e7ff0726d4c0aa,arnav.sinha.720@company.com,2026-08-19T10:34:31.333447+00:00,2026-08-19T10:34:31.333447+00:00,EMPLOYEE
EMP000752,rohit.patel.752@company.com,Exited,2025-07-28,6a85871a46e7ff0726d4c0ac,rohit.patel.752@company.com,2026-08-19T10:34:31.963224+00:00,2026-08-19T10:34:31.963224+00:00,EMPLOYEE
EMP000981,nikhil.gupta.981@company.com,Exited,2026-07-13,6a85871a46e7ff0726d4c0b4,nikhil.gupta.981@company.com,2026-08-19T10:34:34.347059+00:00,2026-08-19T10:34:34.347059+00:00,EMPLOYEE
EMP000839,tanvi.bose.839@company.com,Exited,2019-11-23,6a85871a46e7ff0726d4c0b9,tanvi.bose.839@company.com,2026-08-19T10:34:35.690023+00:00,2026-08-19T10:34:35.690023+00:00,EMPLOYEE
EMP000757,sneha.thomas.757@company.com,Exited,2026-04-25,6a85871a46e7ff0726d4c0c1,sneha.thomas.757@company.com,2026-08-19T10:34:37.939538+00:00,2026-08-19T10:34:37.939538+00:00,EMPLOYEE
EMP000889,ishaan.bose.889@company.com,Exited,2025-09-18,6a85871a46e7ff0726d4c0cb,ishaan.bose.889@company.com,2026-08-19T10:34:40.734455+00:00,2026-08-19T10:34:40.734455+00:00,EMPLOYEE
EMP001000,vivek.fernandes.1000@company.com,Exited,2025-09-03,6a85871a46e7ff0726d4c0cf,vivek.fernandes.1000@company.com,2026-08-19T10:34:42.239158+00:00,2026-08-19T10:34:42.239158+00:00,EMPLOYEE
EMP000833,sanjay.krishnan.833@company.com,Exited,2026-01-24,6a85871a46e7ff0726d4c0d4,sanjay.krishnan.833@company.com,2026-08-19T10:34:44.800613+00:00,2026-08-19T10:34:44.800613+00:00,EMPLOYEE
EMP000876,ananya.varma.876@company.com,Exited,2023-01-13,6a85871a46e7ff0726d4c0d8,ananya.varma.876@company.com,2026-08-19T10:34:46.402297+00:00,2026-08-19T10:34:46.402297+00:00,EMPLOYEE
EMP000940,shalini.naidu.940@company.com,Exited,2022-02-20,6a85871a46e7ff0726d4c0da,shalini.naidu.940@company.com,2026-08-19T10:34:46.912860+00:00,2026-08-19T10:34:46.912860+00:00,EMPLOYEE
EMP000980,neha.nair.980@company.com,Exited,2018-06-04,6a85871a46e7ff0726d4c0df,neha.nair.980@company.com,2026-08-19T10:34:48.204827+00:00,2026-08-19T10:34:48.204827+00:00,EMPLOYEE
EMP000906,rahul.thakur.906@company.com,Exited,2023-07-07,6a85871a46e7ff0726d4c0f2,rahul.thakur.906@company.com,2026-08-19T10:34:54.597062+00:00,2026-08-19T10:34:54.597062+00:00,EMPLOYEE
EMP000784,siddharth.mukherjee.784@company.com,Exited,2023-02-14,6a85871a46e7ff0726d4c0fb,siddharth.mukherjee.784@company.com,2026-08-19T10:34:57.084588+00:00,2026-08-19T10:34:57.084588+00:00,EMPLOYEE
EMP000952,akash.patel.952@company.com,Exited,2022-11-11,6a85871a46e7ff0726d4c103,akash.patel.952@company.com,2026-08-19T10:35:01.181157+00:00,2026-08-19T10:35:01.181157+00:00,EMPLOYEE
EMP000838,swathi.kapoor.838@company.com,Exited,2026-06-30,6a85871a46e7ff0726d4c10b,swathi.kapoor.838@company.com,2026-08-19T10:35:04.216522+00:00,2026-08-19T10:35:04.216522+00:00,EMPLOYEE
EMP000861,shalini.malhotra.861@company.com,Exited,2020-12-08,6a85871a46e7ff0726d4c10c,shalini.malhotra.861@company.com,2026-08-19T10:35:04.603369+00:00,2026-08-19T10:35:04.603369+00:00,EMPLOYEE
EMP000871,aditi.gowda.871@company.com,Exited,2021-07-16,6a85871a46e7ff0726d4c10d,aditi.gowda.871@company.com,2026-08-19T10:35:05.260206+00:00,2026-08-19T10:35:05.260206+00:00,EMPLOYEE
EMP000909,riya.rao.909@company.com,Exited,2026-03-18,6a85871a46e7ff0726d4c110,riya.rao.909@company.com,2026-08-19T10:35:06.311190+00:00,2026-08-19T10:35:06.311190+00:00,EMPLOYEE
EMP000884,diya.mukherjee.884@company.com,Exited,2026-08-01,6a85871a46e7ff0726d4c131,diya.mukherjee.884@company.com,2026-08-19T10:35:25.253719+00:00,2026-08-19T10:35:25.253719+00:00,EMPLOYEE
EMP000749,raj.pandey.749@company.com,Exited,2025-05-31,6a85871a46e7ff0726d4c138,raj.pandey.749@company.com,2026-08-19T10:35:30.203351+00:00,2026-08-19T10:35:30.203351+00:00,EMPLOYEE
EMP000768,anirudh.chopra.768@company.com,Exited,2025-01-02,6a85871a46e7ff0726d4c146,anirudh.chopra.768@company.com,2026-08-19T10:35:36.167832+00:00,2026-08-19T10:35:36.167832+00:00,EMPLOYEE
EMP000935,pradeep.tripathi.935@company.com,Exited,2025-07-26,6a85871a46e7ff0726d4c156,pradeep.tripathi.935@company.com,2026-08-19T10:35:42.894506+00:00,2026-08-19T10:35:42.894506+00:00,EMPLOYEE
EMP000930,madhav.nair.930@company.com,Exited,2019-11-20,6a85871a46e7ff0726d4c161,madhav.nair.930@company.com,2026-08-19T10:35:47.234197+00:00,2026-08-19T10:35:47.234197+00:00,EMPLOYEE
EMP000959,bhavana.rao.959@company.com,Exited,2026-01-01,6a85871a46e7ff0726d4c164,bhavana.rao.959@company.com,2026-08-19T10:35:48.315109+00:00,2026-08-19T10:35:48.315109+00:00,EMPLOYEE
EMP000776,pallavi.varma.776@company.com,Exited,2026-04-04,6a85871a46e7ff0726d4c16b,pallavi.varma.776@company.com,2026-08-19T10:35:50.402094+00:00,2026-08-19T10:35:50.402094+00:00,EMPLOYEE
EMP000860,sameer.joshi.860@company.com,Exited,2026-04-21,6a85871a46e7ff0726d4c172,sameer.joshi.860@company.com,2026-08-19T10:35:53.193403+00:00,2026-08-19T10:35:53.193403+00:00,EMPLOYEE
EMP000933,nithin.krishnan.933@company.com,Exited,2025-09-11,6a85871a46e7ff0726d4c180,nithin.krishnan.933@company.com,2026-08-19T10:35:57.509323+00:00,2026-08-19T10:35:57.509323+00:00,EMPLOYEE
EMP000762,vikram.kulkarni.762@company.com,Exited,2025-03-19,6a85871a46e7ff0726d4c187,vikram.kulkarni.762@company.com,2026-08-19T10:35:59.899574+00:00,2026-08-19T10:35:59.899574+00:00,EMPLOYEE
EMP000879,ashwin.mathew.879@company.com,Exited,2023-07-19,6a85871a46e7ff0726d4c193,ashwin.mathew.879@company.com,2026-08-19T10:36:03.986017+00:00,2026-08-19T10:36:03.986017+00:00,EMPLOYEE
EMP000846,anjali.pillai.846@company.com,Exited,2026-01-29,6a85871a46e7ff0726d4c19f,anjali.pillai.846@company.com,2026-08-19T10:36:07.226570+00:00,2026-08-19T10:36:07.226570+00:00,EMPLOYEE
EMP000922,yash.joseph.922@company.com,Exited,2023-07-23,6a85871a46e7ff0726d4c1a3,yash.joseph.922@company.com,2026-08-19T10:36:08.326310+00:00,2026-08-19T10:36:08.326310+00:00,EMPLOYEE
EMP000991,sanjay.banerjee.991@company.com,Exited,2025-08-05,6a85871a46e7ff0726d4c1a7,sanjay.banerjee.991@company.com,2026-08-19T10:36:09.374423+00:00,2026-08-19T10:36:09.374423+00:00,EMPLOYEE
EMP001161,abhinav.malhotra.1161@company.com,Exited,2025-12-09,6a8588c8e44c4693789d8754,abhinav.malhotra.1161@company.com,2026-08-19T10:40:32.611585+00:00,2026-08-19T10:40:32.611585+00:00,EMPLOYEE
EMP001223,raj.menon.1223@company.com,Exited,2026-03-04,6a8588c8e44c4693789d8756,raj.menon.1223@company.com,2026-08-19T10:40:33.597514+00:00,2026-08-19T10:40:33.597514+00:00,EMPLOYEE
EMP001243,divya.dsouza.1243@company.com,Exited,2024-01-12,6a8588c8e44c4693789d875a,divya.dsouza.1243@company.com,2026-08-19T10:40:35.053225+00:00,2026-08-19T10:40:35.053225+00:00,EMPLOYEE
EMP001028,aarav.hegde.1028@company.com,Exited,2025-12-08,6a8588c8e44c4693789d8760,aarav.hegde.1028@company.com,2026-08-19T10:40:37.341860+00:00,2026-08-19T10:40:37.341860+00:00,EMPLOYEE
EMP001253,rohan.shah.1253@company.com,Exited,2024-03-25,6a8588c8e44c4693789d8771,rohan.shah.1253@company.com,2026-08-19T10:40:44.124237+00:00,2026-08-19T10:40:44.124237+00:00,EMPLOYEE
EMP001369,lakshmi.desai.1369@company.com,Exited,2025-09-06,6a8588c8e44c4693789d8779,lakshmi.desai.1369@company.com,2026-08-19T10:40:47.478799+00:00,2026-08-19T10:40:47.478799+00:00,EMPLOYEE
EMP001313,tanvi.saxena.1313@company.com,Exited,2026-02-15,6a8588c8e44c4693789d878b,tanvi.saxena.1313@company.com,2026-08-19T10:40:57.111279+00:00,2026-08-19T10:40:57.111279+00:00,EMPLOYEE
EMP001116,ashwin.reddy.1116@company.com,Exited,2023-06-08,6a8588c8e44c4693789d8798,ashwin.reddy.1116@company.com,2026-08-19T10:41:02.162076+00:00,2026-08-19T10:41:02.162076+00:00,EMPLOYEE
EMP001231,sneha.gupta.1231@company.com,Exited,2024-01-17,6a8588c8e44c4693789d87a2,sneha.gupta.1231@company.com,2026-08-19T10:41:06.085910+00:00,2026-08-19T10:41:06.085910+00:00,EMPLOYEE
EMP001303,rakesh.shah.1303@company.com,Exited,2025-01-19,6a8588c8e44c4693789d87a8,rakesh.shah.1303@company.com,2026-08-19T10:41:08.504193+00:00,2026-08-19T10:41:08.504193+00:00,EMPLOYEE
EMP001356,deepa.thakur.1356@company.com,Exited,2023-01-15,6a8588c8e44c4693789d87ac,deepa.thakur.1356@company.com,2026-08-19T10:41:09.659919+00:00,2026-08-19T10:41:09.659919+00:00,EMPLOYEE
EMP001136,nandini.george.1136@company.com,Exited,2026-06-14,6a8588c8e44c4693789d87b6,nandini.george.1136@company.com,2026-08-19T10:41:13.674154+00:00,2026-08-19T10:41:13.674154+00:00,EMPLOYEE
EMP001037,ashwin.iyer.1037@company.com,Exited,2024-10-04,6a8588c8e44c4693789d87c9,ashwin.iyer.1037@company.com,2026-08-19T10:41:20.888482+00:00,2026-08-19T10:41:20.888482+00:00,EMPLOYEE
EMP001108,aditi.sen.1108@company.com,Exited,2025-07-30,6a8588c8e44c4693789d87d0,aditi.sen.1108@company.com,2026-08-19T10:41:23.412642+00:00,2026-08-19T10:41:23.412642+00:00,EMPLOYEE
EMP001346,aditya.pillai.1346@company.com,Exited,2026-03-17,6a8588c8e44c4693789d87dd,aditya.pillai.1346@company.com,2026-08-19T10:41:28.280815+00:00,2026-08-19T10:41:28.280815+00:00,EMPLOYEE
EMP001061,pooja.malhotra.1061@company.com,Exited,2024-03-08,6a8588c8e44c4693789d87e0,pooja.malhotra.1061@company.com,2026-08-19T10:41:29.245500+00:00,2026-08-19T10:41:29.245500+00:00,EMPLOYEE
EMP001152,sneha.patel.1152@company.com,Exited,2026-04-01,6a8588c8e44c4693789d87e8,sneha.patel.1152@company.com,2026-08-19T10:41:32.521414+00:00,2026-08-19T10:41:32.521414+00:00,EMPLOYEE
EMP001039,chetan.bose.1039@company.com,Exited,2024-10-10,6a8588c8e44c4693789d87ff,chetan.bose.1039@company.com,2026-08-19T10:41:44.688120+00:00,2026-08-19T10:41:44.688120+00:00,EMPLOYEE
EMP001120,dev.sinha.1120@company.com,Exited,2024-11-18,6a8588c8e44c4693789d8804,dev.sinha.1120@company.com,2026-08-19T10:41:46.123861+00:00,2026-08-19T10:41:46.123861+00:00,EMPLOYEE
EMP001005,anirudh.jain.1005@company.com,Exited,2026-03-26,6a8588c8e44c4693789d8812,anirudh.jain.1005@company.com,2026-08-19T10:41:50.029421+00:00,2026-08-19T10:41:50.029421+00:00,EMPLOYEE
EMP001220,pranav.sinha.1220@company.com,Exited,2024-05-20,6a8588c8e44c4693789d8817,pranav.sinha.1220@company.com,2026-08-19T10:41:52.031349+00:00,2026-08-19T10:41:52.031349+00:00,EMPLOYEE
EMP001082,abhinav.das.1082@company.com,Exited,2026-06-25,6a8588c8e44c4693789d8827,abhinav.das.1082@company.com,2026-08-19T10:41:57.012220+00:00,2026-08-19T10:41:57.012220+00:00,EMPLOYEE
EMP001254,sakshi.bhat.1254@company.com,Exited,2025-09-04,6a8588c8e44c4693789d8830,sakshi.bhat.1254@company.com,2026-08-19T10:41:59.388561+00:00,2026-08-19T10:41:59.388561+00:00,EMPLOYEE
EMP001314,varun.prasad.1314@company.com,Exited,2020-11-27,6a8588c8e44c4693789d8835,varun.prasad.1314@company.com,2026-08-19T10:42:00.899523+00:00,2026-08-19T10:42:00.899523+00:00,EMPLOYEE
EMP001185,vishal.tripathi.1185@company.com,Exited,2024-10-08,6a8588c8e44c4693789d8853,vishal.tripathi.1185@company.com,2026-08-19T10:42:11.849447+00:00,2026-08-19T10:42:11.849447+00:00,EMPLOYEE
EMP001060,nikhil.joshi.1060@company.com,Exited,2020-08-29,6a8588c8e44c4693789d885e,nikhil.joshi.1060@company.com,2026-08-19T10:42:16.286230+00:00,2026-08-19T10:42:16.286230+00:00,EMPLOYEE
EMP001025,vasudha.mishra.1025@company.com,Exited,2026-05-07,6a8588c8e44c4693789d8872,vasudha.mishra.1025@company.com,2026-08-19T10:42:21.590517+00:00,2026-08-19T10:42:21.590517+00:00,EMPLOYEE
EMP001134,meera.mukherjee.1134@company.com,Exited,2021-06-18,6a8588c8e44c4693789d8879,meera.mukherjee.1134@company.com,2026-08-19T10:42:23.436346+00:00,2026-08-19T10:42:23.436346+00:00,EMPLOYEE
EMP001204,isha.bhat.1204@company.com,Exited,2026-04-25,6a8588c8e44c4693789d887d,isha.bhat.1204@company.com,2026-08-19T10:42:24.644300+00:00,2026-08-19T10:42:24.644300+00:00,EMPLOYEE
EMP001006,divya.thakur.1006@company.com,Exited,2026-04-24,6a8588c8e44c4693789d888c,divya.thakur.1006@company.com,2026-08-19T10:42:28.479599+00:00,2026-08-19T10:42:28.479599+00:00,EMPLOYEE
EMP001063,priya.saxena.1063@company.com,Exited,2026-03-20,6a8588c8e44c4693789d8891,priya.saxena.1063@company.com,2026-08-19T10:42:29.727167+00:00,2026-08-19T10:42:29.727167+00:00,EMPLOYEE
EMP001093,pradeep.dsouza.1093@company.com,Exited,2026-05-22,6a8588c8e44c4693789d8895,pradeep.dsouza.1093@company.com,2026-08-19T10:42:30.732167+00:00,2026-08-19T10:42:30.732167+00:00,EMPLOYEE
EMP001211,lakshmi.malhotra.1211@company.com,Exited,2025-07-17,6a8588c8e44c4693789d889f,lakshmi.malhotra.1211@company.com,2026-08-19T10:42:33.412685+00:00,2026-08-19T10:42:33.412685+00:00,EMPLOYEE
EMP001183,vasudha.krishnan.1183@company.com,Exited,2022-07-20,6a8588c8e44c4693789d88b0,vasudha.krishnan.1183@company.com,2026-08-19T10:42:37.758219+00:00,2026-08-19T10:42:37.758219+00:00,EMPLOYEE
EMP001250,pallavi.fernandes.1250@company.com,Exited,2025-11-16,6a8588c8e44c4693789d88b4,pallavi.fernandes.1250@company.com,2026-08-19T10:42:38.881200+00:00,2026-08-19T10:42:38.881200+00:00,EMPLOYEE
EMP001282,harish.das.1282@company.com,Exited,2024-08-16,6a8588c8e44c4693789d88b7,harish.das.1282@company.com,2026-08-19T10:42:39.905322+00:00,2026-08-19T10:42:39.905322+00:00,EMPLOYEE
EMP001399,anjali.pandey.1399@company.com,Exited,2026-02-21,6a8588c8e44c4693789d88bf,anjali.pandey.1399@company.com,2026-08-19T10:42:42.702823+00:00,2026-08-19T10:42:42.702823+00:00,EMPLOYEE
EMP001437,diya.iyer.1437@company.com,Exited,2026-03-15,6a8588c8e44c4693789d88c2,diya.iyer.1437@company.com,2026-08-19T10:42:43.813226+00:00,2026-08-19T10:42:43.813226+00:00,EMPLOYEE
EMP001632,vivek.das.1632@company.com,Exited,2023-09-24,6a8588c8e44c4693789d88cd,vivek.das.1632@company.com,2026-08-19T10:42:48.279712+00:00,2026-08-19T10:42:48.279712+00:00,EMPLOYEE
EMP001650,sameer.fernandes.1650@company.com,Exited,2026-02-09,6a8588c8e44c4693789d88d1,sameer.fernandes.1650@company.com,2026-08-19T10:42:49.977439+00:00,2026-08-19T10:42:49.977439+00:00,EMPLOYEE
EMP001683,kiran.krishnan.1683@company.com,Exited,2021-09-11,6a8588c8e44c4693789d88d6,kiran.krishnan.1683@company.com,2026-08-19T10:42:51.962283+00:00,2026-08-19T10:42:51.962283+00:00,EMPLOYEE
EMP001563,manasa.saxena.1563@company.com,Exited,2024-01-23,6a8588c8e44c4693789d88e6,manasa.saxena.1563@company.com,2026-08-19T10:42:56.898784+00:00,2026-08-19T10:42:56.898784+00:00,EMPLOYEE
EMP001690,naveen.naidu.1690@company.com,Exited,2024-04-10,6a8588c8e44c4693789d88ef,naveen.naidu.1690@company.com,2026-08-19T10:42:59.560688+00:00,2026-08-19T10:42:59.560688+00:00,EMPLOYEE
EMP001443,jahnavi.dsouza.1443@company.com,Exited,2026-04-22,6a8588c8e44c4693789d88fa,jahnavi.dsouza.1443@company.com,2026-08-19T10:43:03.369587+00:00,2026-08-19T10:43:03.369587+00:00,EMPLOYEE
EMP001456,pooja.thakur.1456@company.com,Exited,2026-05-03,6a8588c8e44c4693789d88fb,pooja.thakur.1456@company.com,2026-08-19T10:43:03.638339+00:00,2026-08-19T10:43:03.638339+00:00,EMPLOYEE
EMP001488,pradeep.kapoor.1488@company.com,Exited,2023-12-04,6a8588c8e44c4693789d88ff,pradeep.kapoor.1488@company.com,2026-08-19T10:43:04.659065+00:00,2026-08-19T10:43:04.659065+00:00,EMPLOYEE
EMP001666,ananya.reddy.1666@company.com,Exited,2025-04-25,6a8588c8e44c4693789d8906,ananya.reddy.1666@company.com,2026-08-19T10:43:06.401777+00:00,2026-08-19T10:43:06.401777+00:00,EMPLOYEE
EMP001432,ashwin.das.1432@company.com,Exited,2025-08-24,6a8588c9e44c4693789d8927,ashwin.das.1432@company.com,2026-08-19T10:43:14.598272+00:00,2026-08-19T10:43:14.598272+00:00,EMPLOYEE
EMP001450,meera.fernandes.1450@company.com,Exited,2025-08-14,6a8588c9e44c4693789d8928,meera.fernandes.1450@company.com,2026-08-19T10:43:14.853574+00:00,2026-08-19T10:43:14.853574+00:00,EMPLOYEE
EMP001374,naveen.singh.1374@company.com,Exited,2025-02-28,6a8588c9e44c4693789d8938,naveen.singh.1374@company.com,2026-08-19T10:43:18.827054+00:00,2026-08-19T10:43:18.827054+00:00,EMPLOYEE
EMP001625,shreya.mishra.1625@company.com,Exited,2025-04-22,6a858950e44c4693789d8944,shreya.mishra.1625@company.com,2026-08-19T10:43:24.473140+00:00,2026-08-19T10:43:24.473140+00:00,EMPLOYEE
EMP001407,nithin.thomas.1407@company.com,Exited,2025-06-07,6a858950e44c4693789d894d,nithin.thomas.1407@company.com,2026-08-19T10:43:26.839584+00:00,2026-08-19T10:43:26.839584+00:00,EMPLOYEE
EMP001661,aditi.malhotra.1661@company.com,Exited,2024-11-03,6a858950e44c4693789d895c,aditi.malhotra.1661@company.com,2026-08-19T10:43:30.653259+00:00,2026-08-19T10:43:30.653259+00:00,EMPLOYEE
EMP001662,aditya.kulkarni.1662@company.com,Exited,2026-06-18,6a858950e44c4693789d895d,aditya.kulkarni.1662@company.com,2026-08-19T10:43:30.906181+00:00,2026-08-19T10:43:30.906181+00:00,EMPLOYEE
EMP001455,nikhil.jain.1455@company.com,Exited,2026-03-01,6a858950e44c4693789d8963,nikhil.jain.1455@company.com,2026-08-19T10:43:32.471225+00:00,2026-08-19T10:43:32.471225+00:00,EMPLOYEE
EMP001635,abhinav.tripathi.1635@company.com,Exited,2019-07-16,6a858950e44c4693789d897b,abhinav.tripathi.1635@company.com,2026-08-19T10:43:38.527096+00:00,2026-08-19T10:43:38.527096+00:00,EMPLOYEE
EMP001682,kavya.das.1682@company.com,Exited,2022-12-25,6a858950e44c4693789d897c,kavya.das.1682@company.com,2026-08-19T10:43:38.771455+00:00,2026-08-19T10:43:38.771455+00:00,EMPLOYEE
EMP001506,akshay.thakur.1506@company.com,Exited,2023-09-29,6a858950e44c4693789d898a,akshay.thakur.1506@company.com,2026-08-19T10:43:42.385821+00:00,2026-08-19T10:43:42.385821+00:00,EMPLOYEE
EMP001728,sakshi.hegde.1728@company.com,Exited,2026-05-16,6a858950e44c4693789d899c,sakshi.hegde.1728@company.com,2026-08-19T10:43:47.199456+00:00,2026-08-19T10:43:47.199456+00:00,EMPLOYEE
EMP001401,divya.sharma.1401@company.com,Exited,2023-03-15,6a858950e44c4693789d89a3,divya.sharma.1401@company.com,2026-08-19T10:43:49.050676+00:00,2026-08-19T10:43:49.050676+00:00,EMPLOYEE
EMP001439,gaurav.bose.1439@company.com,Exited,2025-05-25,6a858950e44c4693789d89a5,gaurav.bose.1439@company.com,2026-08-19T10:43:49.555609+00:00,2026-08-19T10:43:49.555609+00:00,EMPLOYEE
EMP001608,meera.sen.1608@company.com,Exited,2022-05-20,6a858950e44c4693789d89b4,meera.sen.1608@company.com,2026-08-19T10:43:54.407605+00:00,2026-08-19T10:43:54.407605+00:00,EMPLOYEE
EMP001702,sanjay.patel.1702@company.com,Exited,2025-02-05,6a858950e44c4693789d89b8,sanjay.patel.1702@company.com,2026-08-19T10:43:55.689098+00:00,2026-08-19T10:43:55.689098+00:00,EMPLOYEE
EMP001472,varun.joseph.1472@company.com,Exited,2025-01-17,6a858950e44c4693789d89bf,varun.joseph.1472@company.com,2026-08-19T10:43:57.884189+00:00,2026-08-19T10:43:57.884189+00:00,EMPLOYEE
EMP001514,deepa.prasad.1514@company.com,Exited,2025-06-07,6a858950e44c4693789d89d9,deepa.prasad.1514@company.com,2026-08-19T10:44:05.353713+00:00,2026-08-19T10:44:05.353713+00:00,EMPLOYEE
EMP001426,akash.varma.1426@company.com,Exited,2026-04-07,6a858950e44c4693789d89e8,akash.varma.1426@company.com,2026-08-19T10:44:09.060876+00:00,2026-08-19T10:44:09.060876+00:00,EMPLOYEE
EMP001473,vikram.menon.1473@company.com,Exited,2023-02-18,6a858950e44c4693789d89ea,vikram.menon.1473@company.com,2026-08-19T10:44:09.559338+00:00,2026-08-19T10:44:09.559338+00:00,EMPLOYEE
EMP001423,aarav.menon.1423@company.com,Exited,2026-03-25,6a858950e44c4693789d8a00,aarav.menon.1423@company.com,2026-08-19T10:44:15.167747+00:00,2026-08-19T10:44:15.167747+00:00,EMPLOYEE
EMP001548,srinivas.agarwal.1548@company.com,Exited,2025-06-30,6a858950e44c4693789d8a25,srinivas.agarwal.1548@company.com,2026-08-19T10:44:24.552311+00:00,2026-08-19T10:44:24.552311+00:00,EMPLOYEE
EMP001646,pradeep.pillai.1646@company.com,Exited,2020-11-06,6a858950e44c4693789d8a27,pradeep.pillai.1646@company.com,2026-08-19T10:44:25.046051+00:00,2026-08-19T10:44:25.046051+00:00,EMPLOYEE
EMP001824,ananya.singh.1824@company.com,Exited,2026-05-16,6a858950e44c4693789d8a47,ananya.singh.1824@company.com,2026-08-19T10:44:34.363149+00:00,2026-08-19T10:44:34.363149+00:00,EMPLOYEE
EMP001933,rahul.krishnan.1933@company.com,Exited,2026-03-13,6a858950e44c4693789d8a4c,rahul.krishnan.1933@company.com,2026-08-19T10:44:35.814697+00:00,2026-08-19T10:44:35.814697+00:00,EMPLOYEE
EMP001858,rohit.sen.1858@company.com,Exited,2026-06-19,6a858950e44c4693789d8a6e,rohit.sen.1858@company.com,2026-08-19T10:44:45.668233+00:00,2026-08-19T10:44:45.668233+00:00,EMPLOYEE
EMP001859,sahana.rao.1859@company.com,Exited,2018-11-16,6a858950e44c4693789d8a6f,sahana.rao.1859@company.com,2026-08-19T10:44:45.916472+00:00,2026-08-19T10:44:45.916472+00:00,EMPLOYEE
EMP001809,shalini.rao.1809@company.com,Exited,2018-04-20,6a858950e44c4693789d8a7a,shalini.rao.1809@company.com,2026-08-19T10:44:48.734995+00:00,2026-08-19T10:44:48.734995+00:00,EMPLOYEE
EMP001755,gaurav.jain.1755@company.com,Exited,2025-01-11,6a858950e44c4693789d8a89,gaurav.jain.1755@company.com,2026-08-19T10:44:52.618367+00:00,2026-08-19T10:44:52.618367+00:00,EMPLOYEE
EMP001864,srinivas.prasad.1864@company.com,Exited,2024-06-28,6a858950e44c4693789d8a91,srinivas.prasad.1864@company.com,2026-08-19T10:44:54.892167+00:00,2026-08-19T10:44:54.892167+00:00,EMPLOYEE
EMP001897,aarav.shetty.1897@company.com,Exited,2018-02-01,6a858950e44c4693789d8a95,aarav.shetty.1897@company.com,2026-08-19T10:44:55.941788+00:00,2026-08-19T10:44:55.941788+00:00,EMPLOYEE
EMP001946,varun.pillai.1946@company.com,Exited,2025-08-15,6a858950e44c4693789d8a99,varun.pillai.1946@company.com,2026-08-19T10:44:56.977255+00:00,2026-08-19T10:44:56.977255+00:00,EMPLOYEE
EMP001770,neha.sinha.1770@company.com,Exited,2025-07-25,6a858950e44c4693789d8aa3,neha.sinha.1770@company.com,2026-08-19T10:44:59.657935+00:00,2026-08-19T10:44:59.657935+00:00,EMPLOYEE
EMP001884,reshma.mukherjee.1884@company.com,Exited,2026-03-06,6a858950e44c4693789d8aa7,reshma.mukherjee.1884@company.com,2026-08-19T10:45:00.700957+00:00,2026-08-19T10:45:00.700957+00:00,EMPLOYEE
EMP001944,swathi.verma.1944@company.com,Exited,2025-01-09,6a858950e44c4693789d8aac,swathi.verma.1944@company.com,2026-08-19T10:45:01.948630+00:00,2026-08-19T10:45:01.948630+00:00,EMPLOYEE
EMP001782,sanjana.das.1782@company.com,Exited,2024-05-23,6a858950e44c4693789d8ab1,sanjana.das.1782@company.com,2026-08-19T10:45:03.201980+00:00,2026-08-19T10:45:03.201980+00:00,EMPLOYEE
EMP001783,shreya.krishnan.1783@company.com,Exited,2022-10-08,6a858950e44c4693789d8ab2,shreya.krishnan.1783@company.com,2026-08-19T10:45:03.447104+00:00,2026-08-19T10:45:03.447104+00:00,EMPLOYEE
EMP001997,karan.shetty.1997@company.com,Exited,2022-02-21,6a858950e44c4693789d8acb,karan.shetty.1997@company.com,2026-08-19T10:45:09.771073+00:00,2026-08-19T10:45:09.771073+00:00,EMPLOYEE
EMP001768,nandini.chopra.1768@company.com,Exited,2026-02-25,6a858950e44c4693789d8acd,nandini.chopra.1768@company.com,2026-08-19T10:45:10.266053+00:00,2026-08-19T10:45:10.266053+00:00,EMPLOYEE
EMP001902,amara.patel.1902@company.com,Exited,2025-08-07,6a858950e44c4693789d8ad3,amara.patel.1902@company.com,2026-08-19T10:45:11.751754+00:00,2026-08-19T10:45:11.751754+00:00,EMPLOYEE
EMP002000,krishna.fernandes.2000@company.com,Exited,2025-11-13,6a858950e44c4693789d8aea,krishna.fernandes.2000@company.com,2026-08-19T10:45:17.447717+00:00,2026-08-19T10:45:17.447717+00:00,EMPLOYEE
EMP001900,akash.fernandes.1900@company.com,Exited,2026-06-28,6a858950e44c4693789d8af1,akash.fernandes.1900@company.com,2026-08-19T10:45:19.242335+00:00,2026-08-19T10:45:19.242335+00:00,EMPLOYEE
EMP001929,nikhil.mathew.1929@company.com,Exited,2026-03-02,6a858950e44c4693789d8b08,nikhil.mathew.1929@company.com,2026-08-19T10:45:25.132242+00:00,2026-08-19T10:45:25.132242+00:00,EMPLOYEE
EMP001974,vidya.singh.1974@company.com,Exited,2026-02-06,6a858950e44c4693789d8b0d,vidya.singh.1974@company.com,2026-08-19T10:45:26.606752+00:00,2026-08-19T10:45:26.606752+00:00,EMPLOYEE
EMP001779,rohit.mathew.1779@company.com,Exited,2025-04-02,6a858950e44c4693789d8b11,rohit.mathew.1779@company.com,2026-08-19T10:45:27.615834+00:00,2026-08-19T10:45:27.615834+00:00,EMPLOYEE
EMP001893,vaishnavi.dsouza.1893@company.com,Exited,2026-03-18,6a858950e44c4693789d8b18,vaishnavi.dsouza.1893@company.com,2026-08-19T10:45:29.367717+00:00,2026-08-19T10:45:29.367717+00:00,EMPLOYEE
EMP001915,isha.roy.1915@company.com,Exited,2025-06-10,6a858950e44c4693789d8b1a,isha.roy.1915@company.com,2026-08-19T10:45:29.873731+00:00,2026-08-19T10:45:29.873731+00:00,EMPLOYEE
EMP001930,pooja.nair.1930@company.com,Exited,2020-08-29,6a858950e44c4693789d8b1d,pooja.nair.1930@company.com,2026-08-19T10:45:30.626316+00:00,2026-08-19T10:45:30.626316+00:00,EMPLOYEE
EMP001950,zoya.fernandes.1950@company.com,Exited,2026-01-16,6a858950e44c4693789d8b1e,zoya.fernandes.1950@company.com,2026-08-19T10:45:30.876319+00:00,2026-08-19T10:45:30.876319+00:00,EMPLOYEE
EMP001869,vivek.desai.1869@company.com,Exited,2026-07-20,6a858950e44c4693789d8b2a,vivek.desai.1869@company.com,2026-08-19T10:45:33.866935+00:00,2026-08-19T10:45:33.866935+00:00,EMPLOYEE
EMP001925,mohan.mishra.1925@company.com,Exited,2025-11-22,6a858950e44c4693789d8b2c,mohan.mishra.1925@company.com,2026-08-19T10:45:34.357304+00:00,2026-08-19T10:45:34.357304+00:00,EMPLOYEE
EMP002007,neha.thomas.2007@company.com,Exited,2025-02-08,6a858950e44c4693789d8b31,neha.thomas.2007@company.com,2026-08-19T10:45:35.609761+00:00,2026-08-19T10:45:35.609761+00:00,EMPLOYEE
EMP002052,vasudha.patel.2052@company.com,Exited,2025-09-14,6a8589dbe44c4693789d8b33,vasudha.patel.2052@company.com,2026-08-19T10:45:38.401273+00:00,2026-08-19T10:45:38.401273+00:00,EMPLOYEE
EMP002135,aditi.tripathi.2135@company.com,Exited,2025-07-24,6a8589dbe44c4693789d8b36,aditi.tripathi.2135@company.com,2026-08-19T10:45:39.158116+00:00,2026-08-19T10:45:39.158116+00:00,EMPLOYEE
EMP002160,manish.joshi.2160@company.com,Exited,2025-10-26,6a8589dbe44c4693789d8b39,manish.joshi.2160@company.com,2026-08-19T10:45:39.922983+00:00,2026-08-19T10:45:39.922983+00:00,EMPLOYEE
EMP002221,arnav.gowda.2221@company.com,Exited,2019-05-05,6a8589dbe44c4693789d8b52,arnav.gowda.2221@company.com,2026-08-19T10:45:46.515422+00:00,2026-08-19T10:45:46.515422+00:00,EMPLOYEE
EMP002224,chetan.singh.2224@company.com,Exited,2025-12-24,6a8589dbe44c4693789d8b53,chetan.singh.2224@company.com,2026-08-19T10:45:46.765686+00:00,2026-08-19T10:45:46.765686+00:00,EMPLOYEE
EMP002238,lakshmi.kapoor.2238@company.com,Exited,2025-11-30,6a8589dbe44c4693789d8b55,lakshmi.kapoor.2238@company.com,2026-08-19T10:45:47.267870+00:00,2026-08-19T10:45:47.267870+00:00,EMPLOYEE
EMP002319,meera.desai.2319@company.com,Exited,2025-01-18,6a8589dbe44c4693789d8b5c,meera.desai.2319@company.com,2026-08-19T10:45:49.123200+00:00,2026-08-19T10:45:49.123200+00:00,EMPLOYEE
EMP002363,shyam.saxena.2363@company.com,Exited,2025-02-16,6a8589dbe44c4693789d8b5e,shyam.saxena.2363@company.com,2026-08-19T10:45:49.632620+00:00,2026-08-19T10:45:49.632620+00:00,EMPLOYEE
EMP002171,raj.gowda.2171@company.com,Exited,2024-04-08,6a8589dbe44c4693789d8b6c,raj.gowda.2171@company.com,2026-08-19T10:45:53.209757+00:00,2026-08-19T10:45:53.209757+00:00,EMPLOYEE
EMP002343,vivek.dsouza.2343@company.com,Exited,2026-05-28,6a8589dbe44c4693789d8b75,vivek.dsouza.2343@company.com,2026-08-19T10:45:55.579384+00:00,2026-08-19T10:45:55.579384+00:00,EMPLOYEE
EMP002057,aditya.thomas.2057@company.com,Exited,2025-01-29,6a8589dbe44c4693789d8b76,aditya.thomas.2057@company.com,2026-08-19T10:45:55.829194+00:00,2026-08-19T10:45:55.829194+00:00,EMPLOYEE
EMP002214,aditi.prasad.2214@company.com,Exited,2025-01-31,6a8589dbe44c4693789d8b7e,aditi.prasad.2214@company.com,2026-08-19T10:45:57.825655+00:00,2026-08-19T10:45:57.825655+00:00,EMPLOYEE
EMP002267,abhinav.kumar.2267@company.com,Exited,2024-08-13,6a8589dbe44c4693789d8b81,abhinav.kumar.2267@company.com,2026-08-19T10:45:58.574936+00:00,2026-08-19T10:45:58.574936+00:00,EMPLOYEE
EMP002279,reshma.mathew.2279@company.com,Exited,2026-03-22,6a8589dbe44c4693789d8b99,reshma.mathew.2279@company.com,2026-08-19T10:46:05.922322+00:00,2026-08-19T10:46:05.922322+00:00,EMPLOYEE
EMP002360,sakshi.joshi.2360@company.com,Exited,2026-04-24,6a8589dbe44c4693789d8b9f,sakshi.joshi.2360@company.com,2026-08-19T10:46:07.421957+00:00,2026-08-19T10:46:07.421957+00:00,EMPLOYEE
EMP002038,monica.kapoor.2038@company.com,Exited,2025-12-27,6a8589dbe44c4693789d8ba4,monica.kapoor.2038@company.com,2026-08-19T10:46:08.675586+00:00,2026-08-19T10:46:08.675586+00:00,EMPLOYEE
EMP002046,shalini.pillai.2046@company.com,Exited,2024-07-02,6a8589dbe44c4693789d8ba5,shalini.pillai.2046@company.com,2026-08-19T10:46:08.918142+00:00,2026-08-19T10:46:08.918142+00:00,EMPLOYEE
EMP002048,siddharth.agarwal.2048@company.com,Exited,2022-07-30,6a8589dbe44c4693789d8ba6,siddharth.agarwal.2048@company.com,2026-08-19T10:46:09.167588+00:00,2026-08-19T10:46:09.167588+00:00,EMPLOYEE
EMP002085,naveen.tripathi.2085@company.com,Exited,2023-03-05,6a8589dbe44c4693789d8ba8,naveen.tripathi.2085@company.com,2026-08-19T10:46:09.678345+00:00,2026-08-19T10:46:09.678345+00:00,EMPLOYEE
EMP002318,manish.chopra.2318@company.com,Exited,2026-02-17,6a8589dbe44c4693789d8bb3,manish.chopra.2318@company.com,2026-08-19T10:46:12.444086+00:00,2026-08-19T10:46:12.444086+00:00,EMPLOYEE
EMP002035,keerthi.tripathi.2035@company.com,Exited,2026-03-13,6a8589dbe44c4693789d8bba,keerthi.tripathi.2035@company.com,2026-08-19T10:46:14.168516+00:00,2026-08-19T10:46:14.168516+00:00,EMPLOYEE
EMP002070,esha.sinha.2070@company.com,Exited,2026-04-26,6a8589dbe44c4693789d8bbb,esha.sinha.2070@company.com,2026-08-19T10:46:14.490153+00:00,2026-08-19T10:46:14.490153+00:00,EMPLOYEE
EMP002116,manasa.reddy.2116@company.com,Exited,2025-08-26,6a8589dbe44c4693789d8bc0,manasa.reddy.2116@company.com,2026-08-19T10:46:15.813869+00:00,2026-08-19T10:46:15.813869+00:00,EMPLOYEE
EMP002122,rohan.joseph.2122@company.com,Exited,2019-06-01,6a8589dbe44c4693789d8bc2,rohan.joseph.2122@company.com,2026-08-19T10:46:16.360354+00:00,2026-08-19T10:46:16.360354+00:00,EMPLOYEE
EMP002226,dev.varma.2226@company.com,Exited,2022-04-05,6a8589dbe44c4693789d8bca,dev.varma.2226@company.com,2026-08-19T10:46:18.517147+00:00,2026-08-19T10:46:18.517147+00:00,EMPLOYEE
EMP002268,anjali.chopra.2268@company.com,Exited,2025-11-11,6a8589dbe44c4693789d8bcd,anjali.chopra.2268@company.com,2026-08-19T10:46:19.440050+00:00,2026-08-19T10:46:19.440050+00:00,EMPLOYEE
EMP002291,vishal.banerjee.2291@company.com,Exited,2025-01-12,6a8589dbe44c4693789d8bce,vishal.banerjee.2291@company.com,2026-08-19T10:46:19.713597+00:00,2026-08-19T10:46:19.713597+00:00,EMPLOYEE
EMP002086,neha.george.2086@company.com,Exited,2021-12-27,6a8589dbe44c4693789d8bdb,neha.george.2086@company.com,2026-08-19T10:46:23.995580+00:00,2026-08-19T10:46:23.995580+00:00,EMPLOYEE
EMP002253,rohit.shah.2253@company.com,Exited,2025-07-26,6a8589dbe44c4693789d8be4,rohit.shah.2253@company.com,2026-08-19T10:46:26.924855+00:00,2026-08-19T10:46:26.924855+00:00,EMPLOYEE
EMP002174,rohit.singh.2174@company.com,Exited,2018-02-04,6a8589dbe44c4693789d8bfb,rohit.singh.2174@company.com,2026-08-19T10:46:33.234111+00:00,2026-08-19T10:46:33.234111+00:00,EMPLOYEE
EMP002228,esha.hegde.2228@company.com,Exited,2021-06-13,6a8589dbe44c4693789d8c00,esha.hegde.2228@company.com,2026-08-19T10:46:34.672948+00:00,2026-08-19T10:46:34.672948+00:00,EMPLOYEE
EMP002017,sahana.kumar.2017@company.com,Exited,2024-01-24,6a8589dbe44c4693789d8c0b,sahana.kumar.2017@company.com,2026-08-19T10:46:37.975286+00:00,2026-08-19T10:46:37.975286+00:00,EMPLOYEE
EMP002141,arjun.banerjee.2141@company.com,Exited,2026-01-23,6a8589dbe44c4693789d8c12,arjun.banerjee.2141@company.com,2026-08-19T10:46:39.739811+00:00,2026-08-19T10:46:39.739811+00:00,EMPLOYEE
EMP002227,diya.chatterjee.2227@company.com,Exited,2021-10-06,6a8589dbe44c4693789d8c17,diya.chatterjee.2227@company.com,2026-08-19T10:46:40.977243+00:00,2026-08-19T10:46:40.977243+00:00,EMPLOYEE
EMP002003,meera.shah.2003@company.com,Exited,2025-02-04,6a8589dbe44c4693789d8c1d,meera.shah.2003@company.com,2026-08-19T10:46:42.453001+00:00,2026-08-19T10:46:42.453001+00:00,EMPLOYEE
EMP002273,madhav.menon.2273@company.com,Exited,2023-11-30,6a8589dbe44c4693789d8c2a,madhav.menon.2273@company.com,2026-08-19T10:46:45.936540+00:00,2026-08-19T10:46:45.936540+00:00,EMPLOYEE
EMP002298,ananya.agarwal.2298@company.com,Exited,2024-10-17,6a8589dbe44c4693789d8c2c,ananya.agarwal.2298@company.com,2026-08-19T10:46:47.178637+00:00,2026-08-19T10:46:47.178637+00:00,EMPLOYEE
EMP002317,lakshmi.kumar.2317@company.com,Exited,2023-01-31,6a8589dbe44c4693789d8c2f,lakshmi.kumar.2317@company.com,2026-08-19T10:46:48.216866+00:00,2026-08-19T10:46:48.216866+00:00,EMPLOYEE
EMP002072,harish.joseph.2072@company.com,Exited,2025-11-21,6a8589dbe44c4693789d8c3a,harish.joseph.2072@company.com,2026-08-19T10:46:51.093646+00:00,2026-08-19T10:46:51.093646+00:00,EMPLOYEE
EMP002326,pranav.varma.2326@company.com,Exited,2020-09-27,6a8589dbe44c4693789d8c46,pranav.varma.2326@company.com,2026-08-19T10:46:54.441759+00:00,2026-08-19T10:46:54.441759+00:00,EMPLOYEE
EMP002074,ishaan.singh.2074@company.com,Exited,2022-03-25,6a8589dbe44c4693789d8c61,ishaan.singh.2074@company.com,2026-08-19T10:47:01.774008+00:00,2026-08-19T10:47:01.774008+00:00,EMPLOYEE
EMP002041,pradeep.banerjee.2041@company.com,Exited,2025-09-20,6a8589dbe44c4693789d8c73,pradeep.banerjee.2041@company.com,2026-08-19T10:47:06.395939+00:00,2026-08-19T10:47:06.395939+00:00,EMPLOYEE
EMP002341,varun.banerjee.2341@company.com,Exited,2025-04-01,6a8589dbe44c4693789d8c8b,varun.banerjee.2341@company.com,2026-08-19T10:47:12.656753+00:00,2026-08-19T10:47:12.656753+00:00,EMPLOYEE
EMP002364,siddharth.prasad.2364@company.com,Exited,2023-05-20,6a8589dbe44c4693789d8c8d,siddharth.prasad.2364@company.com,2026-08-19T10:47:13.163998+00:00,2026-08-19T10:47:13.163998+00:00,EMPLOYEE
EMP002331,riya.gupta.2331@company.com,Exited,2023-09-05,6a8589dbe44c4693789d8ca3,riya.gupta.2331@company.com,2026-08-19T10:47:18.949445+00:00,2026-08-19T10:47:18.949445+00:00,EMPLOYEE
EMP002442,shyam.yadav.2442@company.com,Exited,2024-12-19,6a8589dbe44c4693789d8ca6,shyam.yadav.2442@company.com,2026-08-19T10:47:19.720958+00:00,2026-08-19T10:47:19.720958+00:00,EMPLOYEE
EMP002534,amara.mukherjee.2534@company.com,Exited,2018-11-14,6a8589dbe44c4693789d8cac,amara.mukherjee.2534@company.com,2026-08-19T10:47:21.281873+00:00,2026-08-19T10:47:21.281873+00:00,EMPLOYEE
EMP002636,mohan.george.2636@company.com,Exited,2025-04-06,6a8589dbe44c4693789d8cb1,mohan.george.2636@company.com,2026-08-19T10:47:22.599989+00:00,2026-08-19T10:47:22.599989+00:00,EMPLOYEE
EMP002388,harish.kapoor.2388@company.com,Exited,2026-03-29,6a8589dbe44c4693789d8cc1,harish.kapoor.2388@company.com,2026-08-19T10:47:28.183981+00:00,2026-08-19T10:47:28.183981+00:00,EMPLOYEE
EMP002461,chetan.malhotra.2461@company.com,Exited,2024-11-23,6a8589dbe44c4693789d8cc5,chetan.malhotra.2461@company.com,2026-08-19T10:47:29.224478+00:00,2026-08-19T10:47:29.224478+00:00,EMPLOYEE
EMP002520,shalini.sinha.2520@company.com,Exited,2026-06-03,6a8589dbe44c4693789d8cca,shalini.sinha.2520@company.com,2026-08-19T10:47:30.691818+00:00,2026-08-19T10:47:30.691818+00:00,EMPLOYEE
EMP002589,madhav.bose.2589@company.com,Exited,2026-04-26,6a8589dbe44c4693789d8cce,madhav.bose.2589@company.com,2026-08-19T10:47:31.889015+00:00,2026-08-19T10:47:31.889015+00:00,EMPLOYEE
EMP002631,kiran.gupta.2631@company.com,Exited,2026-02-04,6a8589dbe44c4693789d8cd5,kiran.gupta.2631@company.com,2026-08-19T10:47:33.732769+00:00,2026-08-19T10:47:33.732769+00:00,EMPLOYEE
EMP002738,vivek.kapoor.2738@company.com,Exited,2022-01-30,6a8589dbe44c4693789d8cdc,vivek.kapoor.2738@company.com,2026-08-19T10:47:36.090802+00:00,2026-08-19T10:47:36.090802+00:00,EMPLOYEE
EMP002782,gaurav.das.2782@company.com,Exited,2020-05-27,6a8589dbe44c4693789d8cdf,gaurav.das.2782@company.com,2026-08-19T10:47:36.839740+00:00,2026-08-19T10:47:36.839740+00:00,EMPLOYEE
EMP002624,gaurav.singh.2624@company.com,Exited,2026-02-03,6a8589dbe44c4693789d8d03,gaurav.singh.2624@company.com,2026-08-19T10:47:45.991539+00:00,2026-08-19T10:47:45.991539+00:00,EMPLOYEE
EMP002645,raj.mehta.2645@company.com,Exited,2025-05-24,6a8589dbe44c4693789d8d04,raj.mehta.2645@company.com,2026-08-19T10:47:46.248155+00:00,2026-08-19T10:47:46.248155+00:00,EMPLOYEE
EMP002654,srinivas.bhat.2654@company.com,Exited,2025-12-17,6a8589dbe44c4693789d8d06,srinivas.bhat.2654@company.com,2026-08-19T10:47:46.793612+00:00,2026-08-19T10:47:46.793612+00:00,EMPLOYEE
EMP002655,swathi.jain.2655@company.com,Exited,2020-12-03,6a8589dbe44c4693789d8d07,swathi.jain.2655@company.com,2026-08-19T10:47:47.035803+00:00,2026-08-19T10:47:47.035803+00:00,EMPLOYEE
EMP002711,krishna.malhotra.2711@company.com,Exited,2026-07-11,6a8589dbe44c4693789d8d0b,krishna.malhotra.2711@company.com,2026-08-19T10:47:48.057710+00:00,2026-08-19T10:47:48.057710+00:00,EMPLOYEE
EMP002726,riya.varma.2726@company.com,Exited,2017-11-12,6a8589dbe44c4693789d8d0d,riya.varma.2726@company.com,2026-08-19T10:47:48.553977+00:00,2026-08-19T10:47:48.553977+00:00,EMPLOYEE
EMP002737,vikram.iyer.2737@company.com,Exited,2025-12-14,6a8589dbe44c4693789d8d0e,vikram.iyer.2737@company.com,2026-08-19T10:47:48.799870+00:00,2026-08-19T10:47:48.799870+00:00,EMPLOYEE
EMP002979,anjali.mathew.2979@company.com,Exited,2022-10-29,6a8589dbe44c4693789d8d1e,anjali.mathew.2979@company.com,2026-08-19T10:47:53.008307+00:00,2026-08-19T10:47:53.008307+00:00,EMPLOYEE
EMP002387,gaurav.iyer.2387@company.com,Exited,2024-05-15,6a8589dbe44c4693789d8d21,gaurav.iyer.2387@company.com,2026-08-19T10:47:53.845916+00:00,2026-08-19T10:47:53.845916+00:00,EMPLOYEE
EMP002889,shreya.bose.2889@company.com,Exited,2024-02-17,6a858a6ce44c4693789d8d46,shreya.bose.2889@company.com,2026-08-19T10:48:07.205524+00:00,2026-08-19T10:48:07.205524+00:00,EMPLOYEE
EMP002931,arjun.gupta.2931@company.com,Exited,2026-07-02,6a858a6ce44c4693789d8d4b,arjun.gupta.2931@company.com,2026-08-19T10:48:08.587243+00:00,2026-08-19T10:48:08.587243+00:00,EMPLOYEE
EMP002949,lakshmi.pandey.2949@company.com,Exited,2024-09-11,6a858a6ce44c4693789d8d4c,lakshmi.pandey.2949@company.com,2026-08-19T10:48:08.853731+00:00,2026-08-19T10:48:08.853731+00:00,EMPLOYEE
EMP002538,ashwin.kapoor.2538@company.com,Exited,2025-02-23,6a858a6ce44c4693789d8d59,ashwin.kapoor.2538@company.com,2026-08-19T10:48:12.425868+00:00,2026-08-19T10:48:12.425868+00:00,EMPLOYEE
EMP002544,esha.verma.2544@company.com,Exited,2023-06-27,6a858a6ce44c4693789d8d5a,esha.verma.2544@company.com,2026-08-19T10:48:12.672984+00:00,2026-08-19T10:48:12.672984+00:00,EMPLOYEE
EMP002553,krishna.shah.2553@company.com,Exited,2025-07-02,6a858a6ce44c4693789d8d5d,krishna.shah.2553@company.com,2026-08-19T10:48:13.491030+00:00,2026-08-19T10:48:13.491030+00:00,EMPLOYEE
EMP002686,vishal.george.2686@company.com,Exited,2024-07-11,6a858a6ce44c4693789d8d61,vishal.george.2686@company.com,2026-08-19T10:48:14.562679+00:00,2026-08-19T10:48:14.562679+00:00,EMPLOYEE
EMP002912,rohan.kulkarni.2912@company.com,Exited,2026-06-18,6a858a6ce44c4693789d8d74,rohan.kulkarni.2912@company.com,2026-08-19T10:48:19.799052+00:00,2026-08-19T10:48:19.799052+00:00,EMPLOYEE
EMP002445,surya.mehta.2445@company.com,Exited,2025-05-24,6a858a6ce44c4693789d8d7f,surya.mehta.2445@company.com,2026-08-19T10:48:23.589873+00:00,2026-08-19T10:48:23.589873+00:00,EMPLOYEE
EMP002633,lakshmi.krishnan.2633@company.com,Exited,2026-06-28,6a858a6ce44c4693789d8d88,lakshmi.krishnan.2633@company.com,2026-08-19T10:48:25.841252+00:00,2026-08-19T10:48:25.841252+00:00,EMPLOYEE
EMP002648,rohit.agarwal.2648@company.com,Exited,2019-08-09,6a858a6ce44c4693789d8d89,rohit.agarwal.2648@company.com,2026-08-19T10:48:26.096646+00:00,2026-08-19T10:48:26.096646+00:00,EMPLOYEE
EMP002902,divya.patel.2902@company.com,Exited,2026-06-10,6a858a6ce44c4693789d8d95,divya.patel.2902@company.com,2026-08-19T10:48:29.881981+00:00,2026-08-19T10:48:29.881981+00:00,EMPLOYEE
EMP002986,monica.george.2986@company.com,Exited,2024-12-12,6a858a6ce44c4693789d8d9c,monica.george.2986@company.com,2026-08-19T10:48:31.805230+00:00,2026-08-19T10:48:31.805230+00:00,EMPLOYEE
EMP002380,ashwin.nair.2380@company.com,Exited,2025-12-12,6a858a6ce44c4693789d8d9e,ashwin.nair.2380@company.com,2026-08-19T10:48:32.304011+00:00,2026-08-19T10:48:32.304011+00:00,EMPLOYEE
EMP002496,srinivas.pillai.2496@company.com,Exited,2026-03-08,6a858a6ce44c4693789d8da8,srinivas.pillai.2496@company.com,2026-08-19T10:48:34.983125+00:00,2026-08-19T10:48:34.983125+00:00,EMPLOYEE
EMP002752,pradeep.patel.2752@company.com,Exited,2026-07-18,6a858a6ce44c4693789d8dbc,pradeep.patel.2752@company.com,2026-08-19T10:48:41.483158+00:00,2026-08-19T10:48:41.483158+00:00,EMPLOYEE
EMP002402,neha.patel.2402@company.com,Exited,2023-06-10,6a858a6ce44c4693789d8dcf,neha.patel.2402@company.com,2026-08-19T10:48:46.679337+00:00,2026-08-19T10:48:46.679337+00:00,EMPLOYEE
EMP002598,sameer.agarwal.2598@company.com,Exited,2025-08-30,6a858a6ce44c4693789d8dda,sameer.agarwal.2598@company.com,2026-08-19T10:48:49.950540+00:00,2026-08-19T10:48:49.950540+00:00,EMPLOYEE
EMP002835,sameer.tripathi.2835@company.com,Exited,2025-10-02,6a858a6ce44c4693789d8dec,sameer.tripathi.2835@company.com,2026-08-19T10:48:54.580697+00:00,2026-08-19T10:48:54.580697+00:00,EMPLOYEE
EMP002440,sameer.naidu.2440@company.com,Exited,2019-10-24,6a858a6ce44c4693789d8df8,sameer.naidu.2440@company.com,2026-08-19T10:48:57.573719+00:00,2026-08-19T10:48:57.573719+00:00,EMPLOYEE
EMP002453,akash.shah.2453@company.com,Exited,2025-07-11,6a858a6ce44c4693789d8dfb,akash.shah.2453@company.com,2026-08-19T10:48:58.440624+00:00,2026-08-19T10:48:58.440624+00:00,EMPLOYEE
EMP002827,manasa.chatterjee.2827@company.com,Exited,2026-05-25,6a858a6ce44c4693789d8e09,manasa.chatterjee.2827@company.com,2026-08-19T10:49:02.034317+00:00,2026-08-19T10:49:02.034317+00:00,EMPLOYEE
EMP002865,jahnavi.roy.2865@company.com,Exited,2025-11-22,6a858a6ce44c4693789d8e0a,jahnavi.roy.2865@company.com,2026-08-19T10:49:02.280877+00:00,2026-08-19T10:49:02.280877+00:00,EMPLOYEE
EMP002907,monica.thomas.2907@company.com,Exited,2026-05-20,6a858a6ce44c4693789d8e0e,monica.thomas.2907@company.com,2026-08-19T10:49:03.383541+00:00,2026-08-19T10:49:03.383541+00:00,EMPLOYEE
EMP002944,jahnavi.verma.2944@company.com,Exited,2024-07-01,6a858a6ce44c4693789d8e0f,jahnavi.verma.2944@company.com,2026-08-19T10:49:03.638306+00:00,2026-08-19T10:49:03.638306+00:00,EMPLOYEE
EMP002491,sahana.banerjee.2491@company.com,Exited,2025-07-24,6a858a6ce44c4693789d8e17,sahana.banerjee.2491@company.com,2026-08-19T10:49:05.653210+00:00,2026-08-19T10:49:05.653210+00:00,EMPLOYEE
EMP002878,pooja.hegde.2878@company.com,Exited,2019-08-23,6a858a6ce44c4693789d8e35,pooja.hegde.2878@company.com,2026-08-19T10:49:14.174311+00:00,2026-08-19T10:49:14.174311+00:00,EMPLOYEE
EMP002898,zoya.agarwal.2898@company.com,Exited,2023-04-15,6a858a6ce44c4693789d8e36,zoya.agarwal.2898@company.com,2026-08-19T10:49:14.430991+00:00,2026-08-19T10:49:14.430991+00:00,EMPLOYEE
EMP002959,priya.rao.2959@company.com,Exited,2026-03-05,6a858a6ce44c4693789d8e3c,priya.rao.2959@company.com,2026-08-19T10:49:15.942708+00:00,2026-08-19T10:49:15.942708+00:00,EMPLOYEE
EMP002969,sneha.desai.2969@company.com,Exited,2026-06-20,6a858a6ce44c4693789d8e3d,sneha.desai.2969@company.com,2026-08-19T10:49:16.187585+00:00,2026-08-19T10:49:16.187585+00:00,EMPLOYEE
EMP002590,manasa.naidu.2590@company.com,Exited,2025-10-13,6a858a6ce44c4693789d8e45,manasa.naidu.2590@company.com,2026-08-19T10:49:18.214215+00:00,2026-08-19T10:49:18.214215+00:00,EMPLOYEE
EMP002872,meera.joseph.2872@company.com,Exited,2019-07-23,6a858a6ce44c4693789d8e57,meera.joseph.2872@company.com,2026-08-19T10:49:22.801443+00:00,2026-08-19T10:49:22.801443+00:00,EMPLOYEE
EMP002532,akash.das.2532@company.com,Exited,2017-11-28,6a858a6ce44c4693789d8e69,akash.das.2532@company.com,2026-08-19T10:49:27.484841+00:00,2026-08-19T10:49:27.484841+00:00,EMPLOYEE
EMP002551,kavya.sharma.2551@company.com,Exited,2022-10-01,6a858a6ce44c4693789d8e6a,kavya.sharma.2551@company.com,2026-08-19T10:49:27.733132+00:00,2026-08-19T10:49:27.733132+00:00,EMPLOYEE
EMP002623,esha.menon.2623@company.com,Exited,2023-03-10,6a858a6ce44c4693789d8e6b,esha.menon.2623@company.com,2026-08-19T10:49:27.980376+00:00,2026-08-19T10:49:27.980376+00:00,EMPLOYEE
EMP002794,mohan.verma.2794@company.com,Exited,2025-07-04,6a858a6ce44c4693789d8e6f,mohan.verma.2794@company.com,2026-08-19T10:49:29.048397+00:00,2026-08-19T10:49:29.048397+00:00,EMPLOYEE
EMP002977,zoya.chatterjee.2977@company.com,Exited,2026-03-17,6a858a6ce44c4693789d8e78,zoya.chatterjee.2977@company.com,2026-08-19T10:49:31.524909+00:00,2026-08-19T10:49:31.524909+00:00,EMPLOYEE
EMP002674,reshma.singh.2674@company.com,Exited,2025-11-16,6a858a6ce44c4693789d8e8a,reshma.singh.2674@company.com,2026-08-19T10:49:36.292794+00:00,2026-08-19T10:49:36.292794+00:00,EMPLOYEE
EMP002804,rakesh.bhat.2804@company.com,Exited,2025-06-23,6a858a6ce44c4693789d8e92,rakesh.bhat.2804@company.com,2026-08-19T10:49:38.630499+00:00,2026-08-19T10:49:38.630499+00:00,EMPLOYEE
EMP002386,esha.george.2386@company.com,Exited,2023-06-20,6a858a6ce44c4693789d8e9b,esha.george.2386@company.com,2026-08-19T10:49:41.069687+00:00,2026-08-19T10:49:41.069687+00:00,EMPLOYEE
EMP002582,zoya.das.2582@company.com,Exited,2026-04-26,6a858a6ce44c4693789d8eaf,zoya.das.2582@company.com,2026-08-19T10:49:46.408486+00:00,2026-08-19T10:49:46.408486+00:00,EMPLOYEE
EMP002620,deepa.sinha.2620@company.com,Exited,2023-07-21,6a858a6ce44c4693789d8eb0,deepa.sinha.2620@company.com,2026-08-19T10:49:46.675752+00:00,2026-08-19T10:49:46.675752+00:00,EMPLOYEE
EMP002832,reshma.das.2832@company.com,Exited,2026-02-12,6a858a6ce44c4693789d8eba,reshma.das.2832@company.com,2026-08-19T10:49:50.236840+00:00,2026-08-19T10:49:50.236840+00:00,EMPLOYEE
EMP002891,srinivas.banerjee.2891@company.com,Exited,2025-10-17,6a858a6ce44c4693789d8ebc,srinivas.banerjee.2891@company.com,2026-08-19T10:49:50.757919+00:00,2026-08-19T10:49:50.757919+00:00,EMPLOYEE
EMP002416,sneha.reddy.2416@company.com,Exited,2025-10-20,6a858a6ce44c4693789d8ec4,sneha.reddy.2416@company.com,2026-08-19T10:49:53.576627+00:00,2026-08-19T10:49:53.576627+00:00,EMPLOYEE
EMP002609,aditi.rao.2609@company.com,Exited,2026-03-09,6a858a6ce44c4693789d8ed5,aditi.rao.2609@company.com,2026-08-19T10:49:59.401740+00:00,2026-08-19T10:49:59.401740+00:00,EMPLOYEE
EMP002665,divya.roy.2665@company.com,Exited,2024-01-31,6a858a6ce44c4693789d8ed7,divya.roy.2665@company.com,2026-08-19T10:50:00.248983+00:00,2026-08-19T10:50:00.248983+00:00,EMPLOYEE
EMP002721,pranav.gowda.2721@company.com,Exited,2026-04-29,6a858a6ce44c4693789d8ede,pranav.gowda.2721@company.com,2026-08-19T10:50:02.163124+00:00,2026-08-19T10:50:02.163124+00:00,EMPLOYEE
EMP002856,chetan.thakur.2856@company.com,Exited,2025-09-12,6a858a6ce44c4693789d8eea,chetan.thakur.2856@company.com,2026-08-19T10:50:05.552205+00:00,2026-08-19T10:50:05.552205+00:00,EMPLOYEE
EMP002965,sahana.roy.2965@company.com,Exited,2022-06-07,6a858a6ce44c4693789d8ef2,sahana.roy.2965@company.com,2026-08-19T10:50:07.563830+00:00,2026-08-19T10:50:07.563830+00:00,EMPLOYEE
EMP002441,shalini.banerjee.2441@company.com,Exited,2023-01-09,6a858a6ce44c4693789d8ef8,shalini.banerjee.2441@company.com,2026-08-19T10:50:09.107938+00:00,2026-08-19T10:50:09.107938+00:00,EMPLOYEE
EMP002848,akash.agarwal.2848@company.com,Exited,2020-10-07,6a858a6ce44c4693789d8f12,akash.agarwal.2848@company.com,2026-08-19T10:50:18.330967+00:00,2026-08-19T10:50:18.330967+00:00,EMPLOYEE
